UserID,group_member_number,GroupMember_ID,Long,Familiar,GoodFriend,Contact,Commun,Commun_Import,Rangorde
106,1,111,7,7,7,6,4,2,3
106,2,107,7,7,7,7,4,2,1
106,3,108,7,6,6,6,4,2,4
106,4,418,7,7,7,7,4,2,2
106,5,110,7,6,6,5,4,2,5
107,1,106,7,7,7,6,4,2,3
107,2,111,7,6,6,6,4,2,5
107,3,110,7,6,6,5,4,2,4
107,4,108,7,6,6,7,4,2,1
107,5,418,7,6,6,7,4,2,2
108,1,106,6,5,6,4,2,1,3
108,2,107,6,7,6,5,3,2,2
108,3,418,7,7,7,6,2,1,1
108,4,110,7,6,5,4,6,NA,4
108,5,111,7,5,5,4,6,NA,5
418,1,106,6,7,7,6,3,3,5
418,2,107,6,7,7,7,3,3,2
418,3,108,7,7,7,7,3,3,1
418,4,110,7,7,7,6,3,3,4
418,5,111,7,7,7,7,3,3,3
110,1,107,5,6,6,6,3,1,2
110,2,108,7,7,6,5,3,1,3
110,3,106,5,6,6,5,3,1,5
110,4,111,7,6,6,5,3,1,4
111,1,107,7,7,7,7,3,1,2
111,2,106,7,7,7,7,3,1,3
111,3,108,7,7,7,7,2,1,4
111,4,418,7,7,7,7,3,1,1
111,5,110,7,7,7,7,2,1,5
112,1,469,7,7,7,7,2,2,3
112,2,114,7,7,7,7,3,3,1
112,3,115,7,7,7,7,6,NA,2
469,1,112,4,6,5,5,2,2,2
469,2,114,5,6,6,6,3,2,1
469,3,115,4,6,5,5,2,2,3
114,1,115,5,5,4,4,1,2,3
114,2,112,7,7,7,6,4,3,1
114,3,469,6,6,7,6,2,3,2
115,1,114,4,5,4,3,2,3,3
115,2,112,4,5,4,4,2,3,1
115,3,469,4,5,4,3,2,3,2
116,1,420,5,5,5,6,3,3,3
116,3,117,6,6,7,7,3,3,2
116,4,119,5,7,7,7,4,3,1
117,1,116,5,7,7,7,3,4,2
117,2,420,5,7,7,7,4,4,1
420,1,117,3,7,7,7,4,3,2
420,2,116,3,5,5,5,2,3,3
420,3,420,2,7,7,7,5,3,1
119,1,116,3,7,7,7,5,3,1
119,2,117,3,4,5,3,2,2,3
119,3,420,3,5,5,4,2,2,2
120,1,121,2,3,5,6,3,3,17
120,2,122,4,5,5,6,3,3,13
120,3,123,4,5,5,6,3,3,11
120,4,124,5,5,6,6,3,3,6
120,5,125,5,5,6,6,3,3,9
120,6,126,5,5,6,6,3,3,10
120,7,127,5,5,5,6,3,3,14
120,8,128,5,5,5,6,3,3,19
120,9,129,2,3,5,6,3,3,4
120,10,130,2,3,5,6,3,3,12
120,11,131,4,4,5,6,3,3,8
120,12,132,5,5,6,6,3,3,7
120,15,134,5,5,5,5,3,3,18
120,16,135,5,6,7,7,5,4,2
120,17,136,2,3,5,6,3,3,16
120,18,137,4,5,6,6,3,3,5
120,19,138,4,5,5,6,3,3,15
120,20,139,6,7,7,7,5,4,1
121,1,120,2,5,5,6,4,2,9
121,2,122,2,5,5,6,4,2,11
121,3,123,2,5,5,6,4,2,10
121,4,124,2,5,5,6,4,2,12
121,5,125,2,5,5,6,4,2,14
121,6,126,2,5,5,6,4,2,15
121,7,127,2,5,5,6,4,2,3
121,8,128,2,5,5,6,4,2,16
121,9,129,2,6,5,6,5,3,4
121,10,130,2,6,6,7,5,3,2
121,11,131,2,5,5,6,4,2,6
121,12,132,2,5,5,6,4,2,18
121,15,134,2,5,5,6,4,2,8
121,16,135,2,5,5,6,4,2,13
121,17,136,2,6,6,7,5,3,1
121,18,137,2,5,5,6,4,2,7
121,19,138,7,5,5,6,4,2,5
122,1,120,3,4,5,4,2,1,8
122,2,121,1,2,3,2,2,1,12
122,3,123,3,6,6,6,3,2,5
122,4,124,3,4,5,4,3,1,6
122,5,125,3,3,3,3,2,1,15
122,6,126,3,3,4,3,2,1,9
122,7,127,3,3,3,3,2,1,18
122,8,128,3,3,3,3,2,1,17
122,9,129,1,3,3,4,3,1,10
122,10,130,1,3,3,3,2,1,11
122,11,131,3,6,6,5,3,2,4
122,12,132,3,7,7,7,5,2,1
122,15,134,3,3,3,2,2,1,20
122,16,135,3,4,4,4,2,1,13
122,17,136,1,3,3,3,2,1,16
122,18,137,6,7,7,7,5,3,2
122,19,138,3,7,6,6,3,1,3
122,20,139,3,4,4,3,2,1,14
123,1,120,4,5,4,3,2,2,10
123,2,122,4,7,6,5,3,4,5
123,3,121,2,4,4,3,2,3,14
123,4,124,4,7,6,6,3,4,4
123,5,125,4,5,4,3,1,2,16
123,6,126,4,5,4,3,2,3,12
123,7,127,4,6,2,1,6,NA,20
123,8,128,4,5,4,3,1,1,17
123,9,129,2,3,3,2,1,6,19
123,10,130,2,4,4,3,2,3,13
123,11,131,4,7,7,6,3,4,2
123,12,132,4,6,5,4,1,2,8
123,16,135,4,5,4,3,2,2,11
123,17,136,2,4,3,2,2,1,18
123,18,137,4,7,7,6,3,4,3
123,19,138,4,7,5,4,2,3,6
123,20,139,4,6,5,4,2,3,7
124,1,120,4,4,3,4,4,3,10
124,2,121,2,3,3,3,4,2,17
124,3,122,3,5,4,5,4,3,8
124,4,123,3,5,5,5,4,3,9
124,5,125,4,4,3,4,4,2,18
124,6,126,4,5,6,6,5,4,3
124,7,127,3,5,4,4,4,2,12
124,8,128,4,5,3,4,4,2,19
124,9,129,2,4,3,4,4,2,15
124,10,130,2,4,3,4,4,2,14
124,11,131,3,4,4,4,4,2,11
124,12,132,4,6,7,7,5,4,2
124,15,134,4,3,3,4,4,2,20
124,16,135,4,4,4,5,4,3,7
124,17,136,2,3,3,4,4,2,13
124,18,137,3,5,5,5,4,3,5
124,19,138,3,5,5,5,4,3,6
124,20,139,4,5,6,6,5,4,4
125,1,120,7,6,6,6,4,3,5
125,2,121,2,4,5,5,4,2,13
125,3,122,5,5,6,5,4,1,16
125,4,123,5,5,6,5,4,1,12
125,5,124,6,6,6,5,4,2,8
125,6,126,6,6,6,5,4,2,9
125,7,127,6,6,5,5,4,1,20
125,8,128,7,7,7,7,4,1,1
125,9,129,2,4,5,4,4,1,18
125,10,130,2,5,5,5,4,1,7
125,11,131,6,6,7,6,4,1,3
125,12,132,7,7,7,7,4,1,2
125,15,134,6,6,5,5,4,1,19
125,16,135,6,6,5,5,4,3,17
125,17,136,2,4,5,4,4,1,14
125,18,137,6,6,5,5,4,1,11
125,19,138,6,6,6,6,4,1,4
125,20,139,6,6,6,5,4,1,15
126,1,120,7,6,5,6,3,4,8
126,2,121,3,6,4,5,1,4,18
126,3,122,5,6,5,6,2,4,12
126,4,123,5,6,6,6,2,4,14
126,5,124,7,7,7,7,5,4,2
126,6,125,7,6,4,4,1,4,15
126,7,127,6,4,3,3,1,4,19
126,8,128,7,5,4,4,5,4,3
126,9,129,2,3,3,3,6,NA,20
126,10,130,2,4,4,4,1,4,17
126,11,131,5,5,5,5,2,4,11
126,12,132,7,7,7,7,4,4,4
126,15,134,7,7,5,4,1,4,5
126,16,135,7,5,4,5,2,4,7
126,17,136,3,4,5,5,1,4,16
126,18,138,5,5,5,5,1,4,9
126,19,137,5,5,5,5,2,4,10
126,20,139,7,7,7,7,2,4,6
127,1,120,6,6,4,3,3,2,17
127,2,121,2,5,6,5,3,2,2
127,3,122,4,5,4,4,3,2,14
127,4,123,4,3,3,3,3,2,20
127,5,124,7,7,7,7,3,2,4
127,7,126,7,7,4,4,3,2,11
127,8,128,7,4,4,4,3,2,18
127,9,129,2,4,3,4,3,2,16
127,10,130,2,4,5,5,3,2,8
127,11,131,4,4,5,5,3,2,15
127,12,132,7,7,6,7,3,2,1
127,14,127,6,7,7,7,3,2,3
127,16,135,7,5,5,5,3,2,5
127,17,136,2,4,3,4,3,2,12
127,18,137,4,6,6,6,3,2,9
127,19,138,4,3,3,3,3,2,19
127,20,139,7,6,4,4,3,2,13
128,1,120,5,5,5,5,5,3,2
128,2,125,7,7,7,7,5,3,1
128,3,135,5,4,4,5,5,3,12
128,4,132,5,5,5,5,5,3,4
128,5,136,4,4,5,5,5,3,13
128,6,137,5,5,5,5,5,3,5
128,7,139,5,5,5,5,5,3,11
128,8,124,5,5,5,5,5,3,14
128,9,122,5,5,5,5,5,3,15
128,10,123,5,5,5,5,5,3,8
128,12,127,5,5,5,5,5,3,16
128,13,126,5,5,5,5,5,3,9
128,16,130,4,4,5,5,5,3,17
128,17,138,5,5,5,5,5,3,6
140,1,141,7,7,7,7,4,2,1
140,2,142,3,6,7,6,3,1,4
140,3,143,5,4,5,5,1,1,5
140,4,144,7,7,7,6,3,2,2
140,5,145,5,5,4,4,1,1,7
140,6,146,5,5,3,4,1,1,8
140,7,451,3,3,5,3,6,NA,10
140,9,148,5,5,5,4,1,1,6
141,1,141,3,6,4,4,1,1,9
141,2,140,7,7,7,7,5,4,1
141,3,142,5,7,6,6,3,3,2
141,4,143,7,6,6,5,3,2,3
141,5,144,7,6,7,5,1,3,5
141,6,145,7,7,6,6,1,1,7
141,7,146,7,7,5,4,6,NA,6
141,8,451,5,6,5,3,6,NA,10
141,10,148,7,7,6,4,1,2,8
142,1,144,6,6,6,6,2,2,4
142,2,140,6,6,6,6,2,2,2
142,3,141,6,6,6,6,1,1,5
142,4,143,6,6,6,6,1,2,6
142,5,146,6,6,6,6,3,2,1
142,6,145,6,6,6,6,2,1,3
142,7,451,6,6,6,6,1,2,7
143,1,140,5,5,5,4,1,2,5
143,2,141,7,5,5,4,1,2,3
143,3,142,3,4,5,4,1,2,10
143,4,144,7,5,6,4,1,2,8
143,5,145,5,5,6,4,1,2,4
143,6,146,6,7,6,6,2,2,1
143,7,451,4,3,4,3,1,2,12
143,10,148,6,7,6,4,1,2,7
144,1,140,7,7,7,7,3,3,2
144,2,141,7,7,6,5,1,3,7
144,3,142,5,6,5,5,2,1,4
144,4,143,7,7,5,5,1,1,10
144,5,145,7,7,6,5,2,2,3
144,6,146,7,7,7,7,3,3,1
144,7,451,5,4,4,4,6,NA,11
144,8,144,7,7,6,6,2,2,5
144,9,148,7,7,5,5,1,2,9
145,1,140,6,6,7,7,2,3,6
145,2,141,7,7,7,7,2,3,5
145,3,142,5,6,6,6,2,3,7
145,4,143,7,7,7,7,2,3,8
145,5,144,7,7,7,7,2,3,3
145,6,146,7,7,7,7,3,3,2
145,7,451,7,7,7,7,2,3,9
145,9,148,7,7,7,7,2,3,11
146,1,144,7,7,7,7,4,2,1
146,2,143,7,7,7,7,4,2,3
146,3,140,7,7,7,7,4,2,7
146,4,141,7,7,7,7,2,2,9
146,5,145,7,7,7,7,4,2,2
146,6,148,7,7,7,6,1,2,11
146,7,142,5,7,7,7,4,2,4
146,10,451,7,7,7,5,1,2,10
451,1,140,5,5,5,5,3,1,5
451,2,141,6,5,5,4,3,1,11
451,3,142,6,6,6,5,3,1,6
451,4,143,6,5,5,4,3,1,9
451,5,144,6,5,6,5,3,1,7
451,6,145,7,7,7,7,3,3,1
451,7,146,7,6,6,6,3,3,2
451,9,148,5,5,5,5,3,1,8
149,1,150,6,7,6,4,2,3,1
149,3,151,4,4,4,4,1,1,4
149,4,152,5,5,4,4,2,3,2
150,1,149,6,5,5,4,2,3,4
150,2,151,7,7,7,7,5,3,1
150,3,152,5,6,6,5,3,3,3
150,4,150,7,7,7,7,5,3,2
151,1,150,5,6,6,6,2,2,2
151,3,152,5,5,6,5,1,2,3
151,4,149,4,3,4,3,1,2,4
152,1,150,5,7,7,7,5,4,1
152,2,149,5,4,4,3,1,2,2
463,1,423,7,7,7,7,5,3,2
463,2,NA,5,2,5,3,5,3,1
154,1,423,4,5,6,6,4,2,1
154,2,463,4,5,6,6,4,2,3
423,1,423,7,7,7,7,4,3,1
423,2,154,5,5,5,5,4,3,3
423,4,463,5,7,7,7,4,3,2
156,1,157,6,6,6,6,4,3,2
156,2,158,6,6,6,6,4,3,4
156,4,159,1,1,1,1,6,NA,7
156,5,461,1,1,1,1,6,NA,5
156,6,163,6,6,6,6,4,3,1
156,7,454,1,1,1,1,6,NA,8
156,8,441,1,1,1,1,6,NA,6
157,1,163,6,6,6,6,4,3,1
157,2,156,6,5,6,5,2,3,3
157,3,158,6,6,6,6,3,3,2
157,4,159,2,2,2,2,6,NA,6
157,5,454,4,4,4,4,6,NA,4
157,6,461,3,3,3,3,6,NA,5
158,1,158,7,7,7,7,4,3,1
158,2,163,5,7,7,6,4,3,3
158,3,157,5,7,7,6,4,3,2
158,4,156,4,7,7,6,3,3,4
159,1,163,7,7,7,7,4,3,2
159,2,454,7,7,7,7,4,3,5
159,4,441,7,7,7,7,4,3,1
159,5,461,7,7,7,7,4,3,3
441,1,163,7,7,7,7,5,3,4
441,2,461,7,7,7,7,5,3,3
441,3,454,7,7,7,7,5,3,2
441,4,159,7,7,7,7,5,3,1
461,1,163,7,7,7,7,5,3,1
461,2,441,7,7,7,7,5,3,2
461,3,454,7,7,7,7,5,3,5
461,5,159,7,7,7,7,5,3,4
163,1,156,5,6,7,6,3,1,5
163,2,157,5,6,7,6,3,1,6
163,3,158,5,5,7,5,3,1,7
163,4,159,7,7,7,4,2,1,4
163,5,441,7,7,7,5,3,1,3
163,6,454,7,7,7,7,4,1,1
163,7,461,7,7,7,7,3,1,2
454,1,NA,7,7,7,7,3,3,1
454,2,163,7,7,7,7,3,3,2
454,3,159,7,7,7,7,3,3,4
454,4,441,7,7,7,7,3,3,3
454,5,461,7,7,7,7,3,3,5
164,1,167,3,6,6,7,5,3,1
164,2,166,3,3,3,3,6,NA,3
164,3,426,3,3,3,3,6,NA,2
426,1,167,6,6,6,6,3,3,1
426,2,166,5,5,5,4,3,3,2
426,3,164,4,3,3,2,1,1,3
166,1,164,2,2,2,4,1,1,3
166,2,426,2,5,4,4,1,1,2
166,3,167,2,5,2,5,3,1,1
167,1,164,3,5,5,6,4,3,1
167,2,426,3,5,5,3,2,2,2
167,3,166,3,4,4,3,1,2,3
168,1,175,4,4,2,2,1,6,9
168,2,170,4,4,3,3,1,6,8
168,3,169,4,4,4,4,1,6,7
168,4,177,4,5,5,6,3,3,5
168,6,171,4,2,1,1,6,NA,10
168,7,176,4,6,6,5,2,4,6
168,8,172,4,6,6,6,3,3,3
168,10,173,4,7,7,6,3,4,2
169,1,168,5,6,6,6,1,2,2
169,2,173,5,7,6,6,3,3,10
169,3,176,5,6,6,6,2,3,7
169,4,172,5,6,6,6,1,2,3
169,6,170,5,6,6,6,3,3,9
169,7,175,5,6,6,6,1,2,5
169,8,171,5,5,5,5,6,NA,1
169,9,169,5,6,6,6,1,3,6
169,10,177,5,6,6,6,3,3,8
170,1,169,4,6,5,4,1,2,6
170,2,171,4,6,5,6,3,4,4
170,4,177,4,6,4,3,1,1,8
170,5,175,4,5,6,4,1,2,5
170,6,168,4,3,4,4,6,NA,9
170,7,173,4,6,6,6,1,2,2
170,8,176,4,3,4,3,6,NA,10
170,10,172,4,3,5,4,1,1,7
171,1,168,4,5,5,5,1,1,9
171,2,169,5,6,6,5,2,2,4
171,4,170,5,6,6,6,3,3,1
171,5,173,4,5,5,4,1,1,7
171,6,172,4,5,5,4,1,1,8
171,8,176,4,5,5,3,1,1,10
171,9,175,5,6,5,5,3,2,5
171,10,177,5,7,7,6,3,3,2
172,1,173,3,7,7,7,3,3,1
172,3,168,3,6,6,6,3,3,3
172,4,176,6,7,6,6,2,3,5
172,5,175,3,4,4,3,2,1,9
172,6,177,5,6,6,6,3,3,4
172,7,169,4,5,5,5,2,2,6
172,8,170,3,5,5,5,1,2,7
172,10,171,3,3,4,4,1,1,10
173,1,168,3,7,7,5,3,3,1
173,2,169,3,5,6,5,3,2,2
173,4,170,2,5,5,5,2,2,5
173,5,171,2,3,3,3,2,2,10
173,6,173,5,5,6,5,3,3,3
173,7,172,5,5,6,5,3,3,4
173,8,176,5,4,5,4,2,2,9
173,9,175,4,4,5,4,2,2,7
173,10,177,5,6,6,5,3,2,6
176,1,169,4,6,5,3,3,3,2
176,2,177,4,4,5,2,3,1,8
176,3,175,4,5,5,2,3,1,7
176,4,173,4,5,5,4,4,2,5
176,5,170,4,4,3,2,3,1,6
176,7,172,4,6,6,3,4,3,3
176,8,168,4,7,7,5,4,3,1
176,9,171,4,4,3,1,3,1,10
178,1,179,2,4,4,4,2,2,2
178,2,180,2,4,4,4,3,1,1
178,3,181,2,4,4,4,1,1,3
179,1,178,2,5,5,6,4,2,2
179,2,181,2,6,7,7,4,3,1
179,3,180,2,5,6,6,3,2,3
180,1,178,2,3,3,3,2,1,3
180,2,181,2,4,5,6,5,2,1
180,3,179,2,4,5,6,5,2,2
181,1,179,2,6,6,7,5,2,1
181,2,180,2,5,5,4,4,2,2
181,3,178,2,4,3,2,1,2,3
182,1,183,5,6,6,4,3,2,4
182,2,187,5,6,5,4,3,2,6
182,3,185,5,5,5,4,3,2,1
182,4,186,5,6,5,4,3,2,3
182,6,184,5,6,6,4,3,2,5
183,1,183,6,7,7,7,5,4,1
183,2,184,5,4,4,3,2,1,19
183,5,182,5,6,6,6,2,2,7
183,7,187,5,6,6,6,4,3,8
183,8,186,4,4,4,4,2,1,18
183,19,185,7,6,7,6,3,2,4
184,1,184,7,7,7,7,2,3,1
184,2,183,7,5,6,5,1,3,7
184,4,185,7,4,7,5,2,3,6
184,5,187,7,7,7,7,2,3,4
184,7,182,7,7,6,5,1,3,8
184,8,186,7,7,7,7,2,3,2
185,1,184,4,4,4,4,2,1,7
185,2,183,6,6,6,5,2,2,3
185,3,182,4,5,5,4,2,1,6
185,4,186,6,6,6,5,1,2,5
185,6,187,5,7,7,5,2,4,2
186,1,182,6,6,6,3,3,3,7
186,2,187,6,6,6,5,3,3,2
186,3,183,6,6,6,5,3,3,3
186,4,184,6,6,6,4,3,3,5
186,5,186,6,6,6,4,3,3,4
186,7,185,6,6,6,5,3,3,1
187,1,182,7,6,5,5,3,2,4
187,2,186,7,7,7,7,4,2,1
187,3,187,7,6,5,5,2,2,6
187,4,183,7,6,5,5,2,2,7
187,5,184,7,7,7,7,4,2,2
187,6,185,7,6,6,6,4,2,3
188,1,189,5,5,5,5,3,2,4
188,2,190,5,6,6,7,4,3,2
188,3,191,5,6,7,7,5,4,1
188,4,193,5,6,6,6,4,3,3
188,5,192,5,4,4,4,2,2,5
188,6,194,1,1,1,1,6,NA,6
189,1,188,5,6,6,6,4,2,2
189,2,190,4,3,2,2,6,NA,4
189,3,191,5,6,6,6,4,2,3
189,4,192,1,1,1,1,6,NA,5
189,5,193,5,6,6,6,4,2,1
189,6,194,1,1,1,1,6,NA,6
190,1,188,4,6,5,6,3,2,2
190,2,189,2,3,3,2,6,NA,5
190,3,191,3,4,4,4,6,NA,4
190,4,192,4,6,6,6,3,2,1
190,5,193,4,5,4,4,1,2,3
190,6,194,1,1,1,1,6,NA,6
191,1,188,2,5,5,7,4,3,1
191,2,193,2,5,5,5,3,2,3
191,3,189,2,5,5,5,3,2,4
191,4,190,1,3,3,4,1,1,5
191,5,192,1,2,2,2,1,1,6
191,6,194,6,7,7,6,3,2,2
192,1,192,3,6,6,5,3,2,2
192,2,190,3,6,6,6,3,2,1
192,3,188,3,4,4,4,2,2,3
192,4,189,1,1,1,1,6,NA,5
192,5,191,1,1,1,1,6,NA,6
192,6,193,2,3,2,1,6,NA,4
192,7,194,1,1,1,1,6,NA,7
193,1,188,2,6,6,6,3,2,2
193,2,191,2,6,6,6,3,2,3
193,3,189,2,6,6,7,3,2,1
193,4,190,2,4,4,3,6,NA,4
193,5,192,2,4,4,3,6,NA,5
193,6,194,1,1,1,1,6,NA,6
194,1,191,7,7,7,7,3,3,1
194,2,188,1,1,1,1,6,NA,2
194,3,193,1,1,1,1,6,NA,3
194,4,189,1,1,1,1,6,NA,4
194,5,190,1,1,1,1,6,NA,5
194,6,192,1,1,1,1,6,NA,6
195,1,197,6,6,6,5,3,3,5
195,2,196,6,6,6,5,2,3,10
195,3,205,6,6,6,5,2,3,3
195,4,201,6,6,6,6,3,3,6
195,5,200,6,6,6,6,4,3,4
195,6,204,6,6,5,5,2,2,8
195,7,427,6,6,7,7,5,3,1
195,8,203,6,6,6,6,3,3,9
195,9,199,6,6,6,5,3,3,7
195,10,202,6,6,7,7,4,3,2
196,1,195,7,5,5,5,3,3,5
196,2,197,7,7,7,7,5,4,1
196,3,204,7,6,6,5,3,3,4
196,4,202,7,6,6,5,3,3,7
196,5,200,5,5,5,5,3,3,6
196,6,205,7,7,7,6,4,4,3
196,7,201,7,7,6,5,3,3,10
196,8,427,5,5,6,5,3,3,8
196,9,203,6,7,7,7,4,4,2
196,10,199,5,5,5,5,3,3,9
197,1,196,7,7,7,7,5,3,1
197,2,427,4,5,6,4,2,1,6
197,3,199,3,3,4,2,6,NA,8
197,4,200,4,3,5,5,2,1,5
197,5,195,7,5,5,5,3,1,3
197,6,203,5,5,6,5,2,2,7
197,7,204,7,7,6,4,2,1,4
197,8,205,5,7,6,7,5,3,2
197,9,202,5,5,3,3,6,NA,9
197,10,201,7,7,5,1,6,NA,10
427,1,195,7,7,7,6,5,2,2
427,2,196,4,4,5,3,1,1,10
427,3,197,4,4,5,5,2,1,8
427,4,199,4,5,5,4,2,1,7
427,5,200,7,7,7,7,5,2,3
427,6,201,6,6,6,6,3,2,4
427,7,202,5,5,6,5,3,1,5
427,8,203,5,4,5,4,2,1,9
427,9,204,7,7,7,7,5,2,1
427,10,205,7,6,7,6,3,2,6
199,1,195,7,6,6,5,4,3,3
199,2,196,7,6,6,4,4,3,8
199,3,197,6,6,6,4,4,3,9
199,4,427,7,6,6,5,4,3,2
199,5,200,7,6,6,5,4,3,6
199,6,201,6,5,5,4,4,3,10
199,7,202,7,6,6,5,4,3,4
199,8,203,7,7,6,6,4,3,1
199,9,204,7,6,6,4,4,3,7
199,10,205,7,6,6,5,4,3,5
200,1,199,5,6,6,5,2,2,8
200,2,427,7,7,7,7,4,2,2
200,3,195,7,7,7,6,3,2,3
200,4,203,7,7,7,6,2,2,6
200,5,205,7,7,7,6,2,2,7
200,6,197,7,7,6,6,2,2,9
200,7,196,6,6,6,6,2,2,10
200,8,201,7,7,7,7,2,2,5
200,9,202,7,7,7,7,3,2,4
200,10,204,7,7,7,7,4,2,1
201,1,195,6,7,7,7,3,2,1
201,2,196,7,7,5,5,2,2,6
201,3,205,6,6,5,4,3,2,9
201,4,199,5,5,5,5,2,1,10
201,5,204,6,7,7,6,3,2,3
201,6,427,6,6,6,6,3,2,2
201,7,200,6,6,6,6,3,2,5
201,8,203,7,7,5,5,2,1,7
201,9,197,6,6,5,5,3,1,8
201,10,202,6,6,6,6,3,2,4
202,1,196,5,5,3,3,2,2,10
202,2,203,6,5,5,5,2,2,7
202,3,199,4,4,4,4,2,2,8
202,4,197,4,4,4,4,2,2,9
202,5,201,5,5,6,6,3,3,3
202,6,427,5,5,6,6,3,3,2
202,7,195,6,6,6,6,3,3,1
202,8,204,5,5,6,6,3,3,5
202,9,200,5,5,6,6,3,3,4
202,10,205,6,6,5,5,2,3,6
445,1,209,3,6,6,6,3,2,4
445,2,210,3,7,7,7,5,3,2
445,3,208,3,7,7,7,4,3,3
445,4,207,3,7,7,7,5,4,1
207,1,208,3,6,7,6,5,3,2
207,2,210,3,6,7,6,4,3,3
207,3,445,3,7,7,7,5,4,1
207,4,209,3,5,6,4,2,2,4
208,1,207,3,7,7,7,5,2,1
208,2,445,3,6,6,5,3,2,3
208,3,210,3,6,6,5,3,2,2
208,4,209,3,6,6,5,2,2,4
209,1,207,3,4,6,6,3,3,4
209,2,208,3,4,6,6,3,3,3
209,3,445,4,5,6,6,3,3,1
209,4,210,4,5,6,6,3,3,2
210,1,445,3,7,7,7,5,3,1
210,2,208,3,7,7,7,4,3,2
210,3,207,3,7,7,7,4,3,3
210,4,209,3,3,3,3,3,1,4
211,1,217,5,7,7,7,4,3,1
211,2,215,5,4,4,4,1,3,5
211,3,212,5,4,4,4,1,2,7
211,4,216,4,4,3,3,1,2,8
211,5,218,5,3,4,4,2,3,6
211,7,214,6,6,5,5,1,3,3
212,1,218,5,7,6,6,3,3,1
212,2,214,5,3,3,5,1,3,8
212,3,211,5,6,6,6,1,3,6
212,4,216,5,7,7,7,1,3,4
212,6,217,5,5,3,4,1,3,7
212,8,215,5,7,7,7,3,3,2
214,1,211,3,6,6,7,3,3,1
214,2,212,3,5,4,4,2,2,6
214,3,215,3,5,5,5,2,2,5
214,4,216,3,5,4,4,2,2,7
214,6,218,3,5,4,5,2,2,8
214,7,217,3,6,6,6,3,3,2
215,1,216,4,6,6,6,3,3,3
215,2,211,4,6,6,6,3,3,4
215,3,218,4,6,6,6,3,3,8
215,4,212,4,6,6,6,3,3,1
215,6,214,4,6,6,6,3,3,5
215,8,217,4,6,6,6,3,3,7
216,1,215,3,4,4,3,1,6,3
216,2,214,3,3,3,4,2,1,2
216,3,217,6,6,7,5,1,3,1
216,4,212,3,3,3,3,6,NA,6
216,6,211,3,3,3,3,6,NA,4
216,7,216,3,3,3,3,6,NA,5
217,1,216,7,7,7,7,3,3,2
217,2,218,3,4,3,2,1,2,7
217,3,211,4,7,7,7,5,3,1
217,4,214,4,6,6,6,2,2,3
217,6,212,3,2,3,2,1,2,6
217,8,215,3,5,5,5,1,2,4
218,1,212,5,6,6,5,3,3,1
218,2,216,5,5,5,5,1,1,4
218,4,217,5,4,4,4,1,1,5
218,6,215,5,5,5,5,1,1,3
218,7,214,5,4,4,4,1,1,6
218,8,211,5,4,4,5,3,2,2
219,1,220,3,5,5,6,3,2,1
219,2,219,3,5,5,5,3,2,4
219,3,222,3,5,5,5,3,2,2
219,4,223,3,5,5,5,3,2,3
219,5,224,2,2,3,3,6,NA,5
220,1,224,6,7,7,7,4,3,1
220,2,219,4,4,5,6,3,3,2
220,3,222,4,4,5,6,3,3,3
220,4,223,4,4,5,6,3,3,4
220,5,221,4,4,5,6,3,3,5
221,1,223,3,5,4,4,4,2,1
221,2,219,3,2,4,4,4,2,2
221,3,222,3,3,4,4,4,2,4
221,4,220,3,3,4,4,4,2,3
221,5,224,3,3,4,4,6,NA,5
222,1,220,3,5,5,6,4,1,1
222,2,219,3,5,5,6,4,1,3
222,4,223,3,5,5,6,4,1,2
222,5,224,3,4,4,3,6,NA,5
223,1,221,4,5,5,5,4,2,2
223,2,222,4,5,5,5,4,2,1
223,3,219,4,5,5,5,4,2,4
223,4,220,4,5,5,5,4,2,3
223,5,224,1,1,1,1,6,NA,5
224,1,219,2,2,2,1,6,NA,5
224,2,220,7,7,7,7,5,3,1
224,3,221,3,3,2,2,1,1,4
224,4,222,2,3,2,2,1,1,2
224,5,223,2,2,2,2,1,1,3
225,1,228,5,6,7,2,2,3,2
225,2,225,5,7,7,6,4,3,1
225,3,226,5,3,5,3,6,NA,3
226,1,228,5,5,5,5,1,3,1
226,2,225,5,5,5,5,6,NA,2
227,1,228,4,7,7,5,2,3,2
227,2,229,3,5,6,6,3,3,1
227,3,230,3,2,2,2,1,1,3
228,1,225,5,5,4,6,3,1,1
228,3,226,4,4,3,3,2,1,5
228,4,227,6,6,6,5,3,3,2
228,5,229,5,4,4,4,3,3,3
228,6,230,5,4,3,3,2,1,6
229,1,228,6,5,6,6,3,3,2
229,2,227,6,5,6,6,3,3,1
229,3,230,6,5,4,3,1,2,3
230,1,227,5,4,5,5,2,2,2
230,2,228,5,4,3,2,2,2,3
230,3,229,5,4,4,3,2,2,1
230,4,225,1,1,1,1,6,NA,4
230,6,226,1,1,1,1,6,NA,6
231,1,235,5,4,6,5,4,2,3
231,2,238,4,5,5,4,3,2,5
231,3,237,4,4,5,4,3,2,6
231,5,232,4,5,6,5,4,2,4
231,6,233,4,7,7,7,5,3,1
231,7,236,4,4,4,4,2,2,8
231,8,460,4,7,7,7,5,3,2
232,1,239,6,7,7,7,5,2,1
232,2,235,6,6,5,5,2,2,6
232,3,231,5,6,6,6,3,2,2
232,4,233,5,6,6,6,3,2,4
232,5,460,5,6,6,6,3,2,3
232,6,236,5,4,4,4,1,2,8
232,7,237,5,5,5,5,2,2,5
232,8,238,4,4,4,4,1,2,7
233,1,231,5,6,7,6,5,4,1
233,2,460,5,5,6,5,5,4,2
233,3,235,5,4,4,3,3,2,7
233,4,232,5,4,5,4,3,3,5
233,5,238,5,6,6,6,3,3,4
233,6,237,5,4,4,4,3,3,6
233,7,239,5,4,5,4,4,3,3
233,8,236,5,4,4,4,2,2,8
460,1,237,5,5,6,6,3,2,5
460,2,238,5,5,5,6,3,2,6
460,3,231,5,7,7,7,5,2,1
460,4,235,7,6,5,5,3,2,7
460,6,232,5,6,6,6,3,2,4
460,7,233,5,7,7,7,4,2,3
460,8,236,5,5,5,5,3,2,8
235,1,460,6,5,5,6,5,3,3
235,2,239,4,5,6,6,5,3,2
235,3,238,4,5,5,6,5,3,5
235,4,237,4,7,7,7,5,3,1
235,5,231,4,5,5,6,5,3,7
235,6,232,4,5,6,6,5,3,6
235,7,233,4,5,5,6,5,3,8
235,8,236,4,5,6,6,5,3,4
236,1,239,4,3,4,4,4,2,7
236,2,238,4,6,5,5,4,2,2
236,3,237,4,6,6,5,4,2,1
236,4,231,4,5,5,4,4,2,5
236,5,235,4,5,5,4,4,2,3
236,6,232,4,3,4,4,4,2,8
236,7,233,4,5,5,4,4,2,4
236,8,460,4,5,5,4,4,2,6
237,1,231,4,5,5,4,4,1,7
237,2,460,4,5,5,6,5,3,3
237,3,239,3,4,5,4,4,1,4
237,4,238,4,7,7,7,5,4,1
237,5,235,4,7,7,7,5,4,2
237,6,232,4,4,4,5,4,1,6
237,7,236,4,7,7,7,4,3,8
237,8,233,4,6,6,5,4,2,5
238,1,237,6,7,7,7,4,4,1
238,2,231,5,6,7,6,3,4,3
238,3,235,5,5,6,5,2,2,7
238,5,232,4,4,5,4,3,2,8
238,6,233,7,6,7,7,3,4,2
238,7,236,7,7,7,7,2,2,5
238,8,460,6,7,6,7,3,3,4
239,1,235,3,4,4,4,3,2,5
239,2,236,3,3,3,3,3,1,8
239,3,237,3,3,4,3,3,2,6
239,4,460,3,7,7,7,5,4,1
239,5,233,3,6,6,6,4,4,4
239,6,231,3,7,7,7,4,4,3
239,7,232,3,7,7,7,4,4,2
239,8,238,3,3,3,3,3,1,7
240,1,241,5,6,6,7,5,2,1
240,2,242,4,6,6,7,5,2,2
240,3,243,2,5,6,7,5,2,3
241,1,243,4,6,6,6,2,2,5
241,2,242,5,6,6,6,2,3,4
241,3,240,6,6,7,7,3,3,1
242,1,241,2,6,6,7,5,4,3
242,2,240,2,6,6,7,5,4,5
242,3,243,2,6,6,7,5,4,1
242,4,242,2,6,6,7,5,4,2
243,1,240,5,7,7,7,5,3,4
243,2,241,5,7,7,7,5,3,2
243,3,242,5,7,7,7,5,3,1
244,1,245,4,4,4,3,1,1,2
244,2,244,4,6,5,4,1,1,1
245,1,244,5,7,6,5,3,3,1
245,3,245,5,3,4,2,1,2,3
246,1,247,4,5,5,5,3,2,1
246,2,458,4,3,3,3,1,2,2
246,3,249,1,1,1,1,6,NA,3
246,4,250,1,1,1,1,6,NA,4
247,1,246,5,5,6,6,3,3,2
247,2,458,6,7,7,7,4,4,1
247,3,249,2,2,3,2,1,1,3
247,4,250,2,2,3,2,1,1,4
458,1,247,5,7,7,6,4,3,1
458,2,246,2,3,3,2,6,NA,4
458,3,250,2,5,5,5,3,3,3
458,4,249,2,6,5,5,3,3,2
249,1,458,2,5,5,6,3,3,1
249,2,250,2,5,5,5,3,3,2
249,3,246,2,1,2,1,6,NA,4
249,4,247,2,1,2,1,6,NA,3
250,1,249,4,5,4,5,3,2,1
250,2,458,4,5,4,5,3,2,2
250,3,246,1,1,1,1,6,NA,3
250,4,247,1,1,1,1,6,NA,4
251,1,252,1,2,4,4,3,1,2
251,2,253,1,1,1,3,1,6,5
251,3,254,1,3,4,3,1,6,4
251,4,255,1,1,4,2,1,6,7
251,5,256,1,2,1,2,6,NA,11
251,6,449,1,1,1,2,6,NA,12
251,7,258,1,1,1,2,6,NA,10
251,8,259,1,3,4,4,3,1,1
251,9,260,1,1,2,2,1,6,6
251,10,262,1,1,1,1,6,NA,14
251,13,264,1,2,4,2,1,6,9
252,1,252,2,3,4,2,1,1,6
252,2,259,2,3,4,5,3,3,2
252,3,253,2,4,4,5,2,2,4
252,4,262,2,2,2,2,6,NA,13
252,5,255,2,2,3,2,6,NA,8
252,6,251,2,3,3,5,3,3,3
252,7,256,2,3,3,2,2,1,7
252,8,449,2,2,2,2,6,NA,12
252,9,260,2,3,4,3,6,NA,9
252,10,258,2,2,2,2,3,3,5
252,11,261,2,2,2,2,6,NA,14
252,13,264,4,3,3,2,6,NA,10
252,14,254,2,5,5,5,3,4,1
253,1,449,3,3,2,2,1,1,7
253,2,252,3,3,2,3,6,NA,4
253,3,255,3,3,2,3,1,1,3
253,4,256,3,3,2,2,6,NA,11
253,5,260,3,3,2,2,6,NA,6
253,7,262,3,5,4,5,1,2,1
253,8,264,3,2,2,2,6,NA,8
253,9,259,3,3,3,2,1,2,5
253,10,254,3,3,2,2,6,NA,9
253,11,251,3,3,2,2,6,NA,10
254,1,251,4,4,4,4,2,2,5
254,2,252,4,4,4,4,2,2,6
254,3,253,4,4,4,4,2,2,7
254,4,255,4,4,4,5,2,2,4
254,5,256,4,4,5,5,3,2,2
254,6,449,4,4,4,4,2,2,8
254,7,258,4,4,4,4,2,2,13
254,8,259,4,4,4,4,2,2,9
254,9,260,4,4,4,5,3,2,3
254,10,261,4,6,6,6,4,3,1
254,11,262,4,4,4,4,2,2,14
254,13,254,4,4,4,4,2,2,10
254,15,264,4,4,4,4,2,2,12
255,1,251,2,3,2,3,1,1,5
255,2,252,2,3,2,3,1,1,6
255,3,253,2,3,2,3,2,1,3
255,4,254,2,3,2,3,3,1,1
255,5,256,2,2,2,3,1,1,8
255,6,449,2,2,2,2,1,1,12
255,7,258,2,2,2,2,1,1,15
255,8,259,2,3,3,3,2,2,2
255,9,260,2,3,2,3,1,1,10
255,10,261,2,3,2,3,1,1,9
255,11,262,2,2,2,2,1,1,14
255,14,264,2,2,2,2,1,1,11
256,1,251,3,2,1,2,6,NA,6
256,2,252,3,3,3,3,6,NA,7
256,3,253,3,2,1,1,6,NA,12
256,4,254,3,5,5,5,6,NA,4
256,5,255,3,2,1,1,6,NA,13
256,6,449,3,3,3,4,1,1,5
256,7,258,3,5,6,6,2,3,3
256,8,259,3,2,1,1,6,NA,14
256,9,260,3,7,7,7,4,4,2
256,10,261,3,7,7,7,4,4,1
256,11,262,3,2,1,1,6,NA,11
256,14,264,3,2,3,2,6,NA,9
449,1,251,4,3,3,2,2,1,7
449,2,252,4,5,5,4,2,1,8
449,3,253,4,5,5,4,2,1,9
449,4,254,4,3,3,3,2,1,12
449,5,255,4,3,3,3,2,1,14
449,6,256,4,6,6,6,3,2,2
449,7,258,4,3,3,3,2,1,10
449,8,259,4,3,3,3,2,1,11
449,9,260,5,6,6,7,3,3,1
449,10,261,4,3,4,4,2,1,6
449,11,262,4,2,2,1,6,NA,15
449,14,264,4,6,6,4,2,2,4
258,1,251,2,2,1,1,6,NA,3
258,2,254,2,4,3,4,3,2,2
258,3,253,2,1,1,1,6,NA,15
258,4,252,2,2,2,2,2,1,4
258,6,255,2,1,1,1,6,NA,9
258,7,256,2,5,5,5,3,3,1
258,8,449,2,2,1,1,6,NA,10
258,9,259,2,2,1,2,6,NA,11
258,10,260,2,2,1,2,6,NA,12
258,11,261,2,3,2,2,6,NA,5
258,12,262,2,2,2,2,6,NA,7
258,15,264,2,1,1,2,6,NA,14
259,1,251,2,4,1,4,2,3,2
259,2,254,2,2,1,1,6,NA,6
259,3,255,2,5,4,5,2,3,4
259,4,252,2,2,1,1,6,NA,8
259,5,262,2,1,1,1,6,NA,9
259,7,264,2,3,1,2,6,NA,7
259,8,260,2,2,1,3,2,3,1
259,9,449,2,2,1,3,2,3,5
265,1,439,7,7,7,7,5,4,1
265,2,266,1,2,2,1,1,2,4
265,3,268,1,1,1,2,2,2,3
265,4,267,1,2,2,2,2,2,2
266,1,439,1,4,4,3,2,6,1
266,2,268,1,1,1,1,6,NA,3
266,3,267,1,2,2,1,2,6,2
266,4,265,1,1,1,1,6,NA,4
267,1,439,3,4,4,2,2,2,2
267,2,266,3,5,5,4,2,2,1
267,3,265,1,2,1,1,6,NA,3
268,1,266,3,6,6,7,3,4,2
268,2,268,3,7,7,7,3,4,1
268,3,267,3,5,6,6,3,2,5
268,5,439,3,5,6,6,3,3,4
439,1,265,7,7,7,7,5,3,1
439,2,266,2,3,3,4,3,1,2
439,3,267,2,2,2,3,2,1,4
439,4,268,2,2,2,3,2,1,3
270,1,450,6,6,5,5,3,2,4
270,2,272,6,6,5,5,3,2,6
270,3,280,5,6,5,6,3,2,3
270,4,447,6,7,7,7,5,2,1
270,5,274,6,6,5,5,3,2,11
270,6,278,7,6,5,5,3,2,10
270,7,462,7,6,6,6,3,2,2
270,8,271,6,6,6,6,3,2,7
270,9,277,5,5,5,5,3,2,5
270,10,276,5,5,5,5,3,2,8
271,1,450,5,5,5,6,1,2,3
271,2,278,4,7,7,7,3,3,1
271,3,447,5,5,5,5,6,NA,5
271,4,270,6,5,5,5,1,2,2
271,5,274,5,5,5,5,6,NA,7
271,6,272,5,5,5,6,1,2,4
271,7,277,5,5,5,5,6,NA,6
272,1,447,7,6,6,6,4,2,2
272,2,274,6,5,5,4,6,NA,9
272,3,270,7,7,6,5,1,2,4
272,4,271,5,5,5,5,6,NA,8
272,6,277,4,5,5,5,1,1,5
272,7,462,7,7,5,6,1,1,6
272,8,276,6,4,4,3,6,NA,11
272,9,450,4,7,7,7,4,3,1
272,10,278,7,6,5,5,1,1,3
272,11,280,7,5,5,5,6,NA,10
447,1,270,6,6,6,2,4,2,1
447,2,271,5,4,5,5,3,1,8
447,3,272,5,4,6,5,4,2,2
447,4,274,5,6,6,5,3,1,6
447,6,462,5,5,5,5,3,1,10
447,7,276,5,5,5,5,3,1,9
447,8,277,5,6,5,5,3,1,3
447,9,450,7,6,6,6,3,1,4
447,10,278,5,5,5,5,3,1,11
447,11,280,5,5,5,5,3,1,5
274,1,270,5,4,4,4,3,1,5
274,2,447,4,6,6,5,3,2,2
274,3,271,5,5,5,4,3,1,7
274,4,272,4,6,5,4,3,1,4
274,6,462,6,4,5,4,3,1,8
274,7,276,6,4,5,4,3,1,11
274,8,277,2,4,5,4,3,1,9
274,9,450,4,NA,NA,NA,4,3,1
274,10,278,7,5,5,4,3,1,10
274,11,280,6,6,5,5,1,1,6
462,1,277,2,3,6,4,3,2,6
462,2,276,1,4,3,3,3,2,5
462,3,270,7,7,6,5,3,3,2
462,4,450,3,5,6,5,3,2,4
462,5,447,2,4,5,3,3,2,7
462,6,271,7,7,7,7,4,3,1
462,7,278,5,5,5,5,3,3,3
462,8,274,1,3,3,1,3,1,8
276,1,270,5,6,6,4,3,2,4
276,2,271,5,5,5,5,3,2,2
276,3,272,6,5,5,5,3,2,6
276,4,447,5,5,5,5,3,2,5
276,5,274,6,5,5,5,3,2,8
276,7,280,7,5,6,6,3,2,1
276,8,277,5,5,5,5,3,2,7
276,9,450,5,5,5,5,3,2,9
276,10,278,5,5,5,5,3,2,10
277,1,271,4,4,5,4,3,2,9
277,2,270,4,5,5,5,3,2,3
277,3,450,4,6,6,7,5,3,1
277,4,447,4,6,6,6,4,2,2
277,5,280,4,5,5,5,3,2,4
277,6,272,4,5,5,5,3,2,6
277,7,278,4,5,5,5,3,2,7
277,8,276,4,5,5,5,3,2,10
277,9,462,4,5,5,5,3,2,5
277,11,274,4,5,5,5,3,2,11
281,1,284,7,7,7,7,3,3,1
281,2,285,7,7,7,6,3,3,4
281,3,286,7,7,7,7,3,3,3
281,4,282,7,7,7,7,3,3,2
282,1,281,3,2,2,4,1,1,3
282,2,283,5,5,5,5,2,2,2
282,3,284,3,3,3,3,1,1,5
282,4,285,3,3,4,3,1,1,6
282,5,286,3,6,6,6,3,3,1
282,6,282,5,5,4,5,1,1,4
283,1,286,4,5,6,4,3,3,5
283,2,282,5,7,7,7,5,4,1
283,3,285,4,5,6,2,1,2,7
283,4,281,4,5,7,6,2,3,4
283,5,284,4,6,7,4,1,2,6
284,1,282,5,7,7,7,4,4,1
284,2,285,6,7,7,6,4,4,4
284,3,281,6,7,7,6,4,4,3
284,4,283,4,6,6,5,3,3,6
284,5,286,7,6,6,6,3,3,5
285,1,284,7,7,7,7,4,3,2
285,2,282,7,7,7,7,5,3,1
285,3,281,7,6,6,6,3,3,4
285,5,285,7,7,7,7,3,3,3
285,6,286,6,6,6,6,1,3,5
286,1,284,7,6,6,6,2,2,1
286,2,281,5,6,6,6,2,3,2
286,3,283,1,4,4,5,1,2,4
286,4,282,6,6,6,6,1,2,3
286,5,285,6,6,6,6,1,2,5
287,1,287,5,5,5,6,1,3,3
287,2,290,5,5,4,5,3,1,2
287,3,288,3,2,3,2,6,NA,5
287,4,289,4,5,5,5,3,3,1
287,5,291,6,5,5,4,1,2,4
288,1,289,5,6,5,6,3,2,1
288,2,287,2,2,2,2,6,NA,2
288,3,288,1,1,1,1,6,NA,5
288,4,290,2,1,1,1,6,NA,3
288,5,291,1,1,1,1,6,NA,4
289,1,288,4,6,6,7,4,3,1
289,2,287,3,5,5,5,3,3,2
289,4,290,1,1,1,1,6,NA,3
289,5,291,1,1,1,1,6,NA,5
290,1,291,3,6,7,7,4,2,1
290,2,287,3,5,5,4,2,3,2
290,3,288,3,4,2,2,1,6,3
291,1,287,1,3,4,5,2,2,2
291,2,290,1,5,6,7,5,3,1
291,3,288,1,1,1,1,6,NA,4
291,4,289,1,1,1,1,6,NA,5
292,1,296,4,7,7,7,3,2,1
292,2,294,4,4,4,4,2,2,3
292,3,467,4,4,4,4,2,2,4
292,4,293,4,7,7,7,3,2,2
293,1,296,4,7,7,7,3,2,2
293,2,292,4,7,7,6,3,2,4
293,3,467,4,7,7,7,3,2,1
293,4,294,3,7,7,7,3,2,3
294,1,296,2,4,6,5,3,2,3
294,2,467,7,7,7,7,3,2,1
294,3,292,2,4,5,4,2,2,4
294,4,293,2,6,7,6,3,2,2
467,1,292,4,4,2,2,1,1,4
467,2,293,4,6,6,6,3,3,1
467,3,296,5,6,6,6,3,3,2
467,4,294,7,7,5,4,2,3,3
296,1,292,5,6,7,7,4,3,1
296,2,293,5,6,7,7,4,3,2
296,3,467,5,5,5,5,2,3,3
296,4,294,5,5,5,5,2,3,4
297,1,298,7,5,7,5,4,2,3
297,2,299,7,5,7,5,4,2,6
297,3,300,7,7,6,6,4,2,2
297,4,301,7,7,5,6,4,2,5
297,6,302,7,7,7,5,4,2,4
297,7,303,7,7,6,5,4,2,1
298,1,297,5,4,5,4,2,2,6
298,2,299,7,7,7,7,4,3,2
298,3,300,6,4,5,4,2,2,7
298,4,301,7,7,6,5,3,2,3
298,5,298,6,5,5,5,2,2,4
298,6,302,6,6,6,4,2,3,5
298,7,303,7,7,7,7,5,4,1
299,1,297,6,5,5,4,3,2,7
299,2,298,7,7,7,7,3,3,1
299,3,300,6,5,5,5,3,2,5
299,4,301,6,6,6,5,3,2,4
299,6,302,7,7,6,5,3,3,6
299,7,303,6,7,7,6,3,3,2
300,1,297,6,5,5,4,1,2,5
300,2,298,5,4,4,4,1,2,6
300,3,299,5,6,6,5,1,2,3
300,4,301,5,5,5,4,1,2,4
300,6,303,7,6,6,5,3,3,2
300,7,302,5,5,4,4,1,2,7
301,1,297,7,6,6,5,4,2,5
301,2,298,7,7,7,6,4,3,2
301,3,299,7,6,7,6,4,3,3
301,4,300,6,6,6,5,4,3,6
301,6,302,7,7,7,6,4,3,4
301,7,303,7,7,7,6,4,3,1
302,1,297,5,5,5,5,2,1,6
302,2,298,6,6,6,6,3,3,4
302,3,299,7,6,6,6,3,3,3
302,4,300,5,5,5,5,2,1,7
302,5,301,6,6,6,6,3,2,1
302,6,302,5,5,5,5,2,1,5
302,7,303,6,6,6,6,3,3,2
303,1,297,7,5,6,3,1,3,6
303,2,298,7,7,7,7,4,3,1
303,3,299,7,7,7,7,3,3,2
303,4,300,7,7,7,7,3,3,3
303,5,301,7,6,6,6,1,3,5
303,7,302,7,7,5,5,1,3,7
304,1,306,3,7,7,6,5,3,2
304,2,308,3,7,7,7,5,3,1
304,3,305,3,5,5,5,2,2,3
304,4,307,3,5,4,4,3,1,4
304,6,304,3,6,2,3,1,6,5
305,1,304,3,5,6,5,3,2,2
305,2,306,3,5,6,5,3,2,4
305,3,308,3,5,6,5,3,2,3
305,4,307,3,5,6,6,3,2,1
306,1,308,4,7,7,7,5,3,1
306,2,304,4,7,7,7,5,3,2
306,3,305,4,6,5,4,2,3,3
306,4,307,4,5,5,4,2,2,4
307,1,305,3,3,3,2,1,1,6
307,2,306,3,5,5,5,2,2,3
307,3,304,3,7,7,7,5,4,1
307,4,308,3,4,4,4,2,2,4
307,5,307,3,3,4,4,2,1,5
308,1,304,3,7,7,7,5,4,2
308,2,307,4,5,4,5,2,1,4
308,4,306,4,7,7,7,5,4,1
308,5,305,4,5,5,5,3,2,3
309,1,452,4,5,4,6,3,2,2
309,2,310,5,7,7,7,4,3,1
309,3,309,3,4,4,6,3,2,3
452,1,309,2,5,5,5,4,3,2
452,3,310,2,5,5,5,4,3,1
312,1,313,2,4,4,5,3,3,2
312,2,314,2,5,4,5,3,2,1
312,3,315,2,4,4,4,2,2,3
312,4,316,2,3,3,3,1,2,4
313,1,312,4,4,4,4,3,2,2
313,2,314,4,5,4,5,4,3,1
314,1,313,2,4,4,4,3,2,1
314,2,312,2,4,4,4,2,2,2
314,3,315,2,1,1,1,6,NA,3
314,4,316,2,1,1,1,6,NA,4
315,1,312,2,2,4,3,3,2,2
315,2,316,5,5,5,5,4,2,1
315,3,313,2,2,2,2,1,6,3
315,4,314,2,2,2,2,1,6,4
316,1,312,3,4,4,4,2,1,2
316,2,313,3,3,3,3,1,1,3
316,3,314,3,3,3,3,1,1,4
316,4,315,3,5,5,5,3,2,1
444,1,319,2,5,5,7,5,3,2
444,2,318,2,5,5,7,5,3,1
444,3,320,2,5,5,5,3,3,3
318,1,320,4,4,4,4,3,2,3
318,2,319,4,4,4,4,3,2,2
318,3,444,4,4,4,4,3,2,1
319,1,320,3,4,4,4,3,3,3
319,2,444,3,5,5,5,3,3,2
319,3,318,3,5,5,5,3,3,1
320,1,319,5,5,5,5,5,3,3
320,2,318,5,6,6,6,5,3,1
320,3,444,5,5,5,5,5,3,2
321,1,324,7,7,7,7,5,2,1
321,2,322,7,7,7,7,3,2,2
321,3,323,5,6,6,5,3,2,3
322,1,321,7,7,7,7,3,2,1
322,2,323,1,1,1,1,6,NA,3
322,4,324,6,6,5,6,3,2,2
323,1,321,5,6,6,7,5,3,1
323,2,322,2,2,2,1,6,NA,3
323,3,323,5,6,6,7,5,3,2
323,4,324,4,3,4,3,6,NA,4
324,1,321,7,7,7,7,5,3,1
324,2,323,4,4,4,4,1,2,3
324,3,322,6,5,5,5,1,2,2
325,1,327,4,6,6,6,5,3,2
325,2,328,5,6,6,6,4,3,1
325,3,326,5,3,3,2,6,NA,3
326,1,325,5,5,3,3,1,2,2
326,2,328,5,5,3,3,1,2,1
326,3,327,1,1,1,1,6,NA,3
327,1,325,5,6,6,6,5,3,1
327,2,328,4,4,4,2,6,NA,3
327,3,326,1,1,1,1,6,NA,4
327,4,329,5,6,6,6,3,3,2
328,1,325,6,7,7,7,3,4,1
328,2,329,1,2,2,2,1,1,4
328,3,326,6,6,4,4,1,1,2
328,4,327,5,5,2,2,1,1,3
329,1,327,7,7,6,6,3,2,1
329,2,325,6,6,5,5,2,1,2
329,3,328,2,2,1,1,1,1,3
329,4,326,1,1,1,1,6,NA,4
330,1,334,1,2,2,2,2,2,1
330,2,331,1,2,2,2,2,2,3
330,3,332,1,2,2,2,2,2,2
330,4,333,1,2,2,2,2,2,4
331,1,334,4,3,4,2,1,1,2
331,2,333,4,6,6,6,5,3,1
331,3,332,4,3,3,2,1,1,3
331,4,330,4,3,4,3,1,1,4
332,1,330,4,3,3,3,1,2,2
332,2,331,4,3,3,3,1,2,4
332,3,334,5,3,3,3,2,2,3
332,4,333,4,5,5,4,1,3,1
333,1,331,2,5,6,7,5,2,1
333,2,332,2,4,4,5,3,6,2
333,3,334,2,3,4,4,1,6,4
333,4,330,2,3,4,5,1,6,3
334,1,333,2,1,1,2,1,1,3
334,2,332,2,1,1,2,1,1,4
334,3,331,2,1,1,2,1,1,2
334,4,330,2,3,3,3,1,1,1
335,1,336,3,2,3,2,1,2,2
335,3,337,3,2,2,2,1,2,3
336,1,337,2,5,5,5,3,2,1
336,2,335,2,5,5,5,3,2,2
336,3,336,2,5,5,5,3,2,3
336,4,338,2,2,2,2,2,1,4
337,1,336,1,4,5,5,4,2,1
337,2,335,1,2,2,2,1,2,3
337,3,337,1,4,5,5,4,2,2
338,1,335,3,3,5,6,2,2,1
338,2,336,3,3,4,4,2,2,2
338,3,337,3,3,3,3,1,1,6
339,1,341,2,5,6,6,4,2,1
339,2,340,2,5,6,6,4,2,2
339,3,342,2,5,6,6,4,2,3
340,1,341,3,5,6,5,4,2,2
340,2,342,3,5,6,5,4,2,3
340,3,339,3,5,6,5,4,2,1
341,1,339,3,6,6,6,4,2,3
341,2,340,3,6,6,6,4,2,2
341,3,342,3,6,6,6,4,2,1
342,1,340,3,6,6,6,4,2,3
342,2,341,3,6,6,6,4,2,1
342,3,339,3,6,6,6,4,2,2
343,1,348,4,6,6,6,4,2,1
343,2,347,4,6,6,6,1,2,6
343,3,346,4,6,6,6,3,2,2
343,4,344,4,6,6,6,2,2,5
343,5,345,4,6,6,6,1,2,4
344,1,343,6,6,6,5,3,2,3
344,2,346,6,6,6,5,1,2,4
344,3,345,6,6,6,5,1,2,5
344,5,347,7,7,7,7,5,3,1
344,6,348,6,6,6,6,3,2,2
345,1,348,5,6,7,7,4,3,1
345,2,347,4,4,6,4,1,3,6
345,3,346,4,5,5,5,2,3,4
345,4,343,4,6,6,6,2,3,3
345,5,344,4,5,5,5,2,2,5
346,1,348,5,5,5,5,2,3,4
346,2,347,5,4,5,3,1,3,6
346,3,345,5,6,6,6,2,3,2
346,4,343,5,7,7,7,4,4,1
346,5,346,5,7,7,7,2,3,3
346,6,344,5,5,5,5,1,3,5
347,1,346,6,6,6,6,2,2,5
347,2,348,6,6,6,6,2,2,4
347,4,345,6,6,6,6,2,2,6
347,5,343,6,6,6,6,2,2,3
347,6,344,7,7,7,7,4,2,1
348,1,343,5,7,7,7,4,3,1
348,2,344,5,7,7,6,2,2,3
348,3,346,5,7,7,6,1,2,5
348,4,345,5,7,7,7,3,3,2
348,6,347,5,7,7,5,1,2,6
349,1,352,3,3,5,4,3,2,2
349,2,350,2,5,6,6,4,2,1
349,3,351,3,4,5,5,3,2,3
350,1,351,3,5,4,3,1,1,3
350,2,349,3,6,6,6,4,3,1
350,3,352,3,5,4,6,3,2,2
351,1,350,2,5,5,5,3,2,3
351,2,349,2,5,5,5,3,2,2
351,3,352,2,5,5,6,3,2,1
352,1,349,2,3,2,4,2,1,2
352,2,351,2,2,2,4,2,1,3
352,3,350,2,4,4,5,3,2,1
129,1,120,4,6,6,5,5,3,3
129,2,121,4,6,6,6,5,3,2
129,3,122,4,5,5,4,4,3,6
129,4,123,4,5,5,4,4,3,9
129,5,139,4,5,5,5,4,3,10
129,6,124,4,5,4,4,5,3,1
129,7,132,4,5,5,5,4,3,7
129,10,126,4,4,5,5,4,3,13
129,11,127,4,4,5,5,4,3,8
129,12,128,4,5,6,5,4,3,14
129,13,130,4,6,6,6,4,3,4
129,14,131,4,4,4,4,4,3,15
129,17,135,4,6,6,6,4,3,5
129,18,138,4,5,5,4,4,3,18
130,1,120,3,5,5,5,4,4,6
130,2,124,3,5,5,5,4,4,7
130,3,126,3,5,5,5,4,4,8
130,4,128,3,5,5,5,4,4,9
130,5,132,3,5,5,5,4,4,10
130,6,121,3,7,7,7,4,4,2
130,7,122,3,5,5,5,4,4,11
130,8,123,3,5,5,5,4,4,4
130,9,139,3,5,5,5,4,4,12
130,11,127,3,5,5,5,4,4,14
130,12,129,3,6,6,6,4,4,3
130,13,131,3,5,5,5,4,4,15
130,14,138,3,5,5,6,4,4,5
130,18,135,3,5,5,5,4,4,19
130,19,136,3,7,7,7,4,4,1
130,20,137,3,5,5,5,4,4,20
131,1,120,5,4,5,5,3,2,10
131,2,121,3,4,5,4,3,2,12
131,3,122,5,7,6,6,4,2,4
131,4,123,5,7,6,6,4,2,3
131,5,124,5,5,5,4,3,2,16
131,6,125,5,6,6,6,3,2,2
131,7,126,5,5,5,5,3,2,11
131,8,127,5,5,5,4,3,2,13
131,9,128,5,5,5,5,3,2,14
131,10,129,3,3,4,4,3,2,20
131,11,130,3,3,5,4,3,2,19
131,13,132,5,5,6,5,3,2,7
131,15,134,5,5,5,5,3,2,8
131,16,135,5,5,6,5,3,2,9
131,17,136,3,3,5,4,3,2,15
131,18,137,6,6,6,5,4,2,5
131,19,138,6,7,7,7,5,2,1
131,20,139,5,5,5,5,3,2,17
132,1,120,3,6,6,7,5,4,4
132,2,121,2,3,4,4,3,2,14
132,3,122,3,4,5,5,2,2,8
132,4,123,3,5,6,6,3,3,5
132,5,124,5,7,7,7,5,4,1
132,6,125,5,4,4,3,1,2,12
132,7,126,5,7,7,7,5,4,2
132,8,127,5,5,4,3,1,1,13
132,9,128,5,4,3,3,1,1,11
132,10,129,2,4,4,4,2,2,15
132,11,130,2,4,4,4,2,2,16
132,12,131,4,5,5,5,2,3,9
132,13,132,5,7,6,6,4,3,6
132,15,134,5,5,4,4,2,1,17
132,16,135,5,7,7,7,5,4,3
132,17,136,3,4,4,4,2,1,10
132,18,137,4,5,6,5,3,3,7
466,1,132,4,5,5,4,2,1,7
466,2,139,4,4,4,3,2,1,17
466,3,120,4,4,4,3,2,1,16
466,4,121,3,3,3,3,2,1,14
466,5,122,4,4,4,4,2,1,10
466,6,123,4,5,5,5,2,1,5
466,7,124,4,5,5,5,2,2,6
466,8,125,4,5,5,5,2,1,11
466,9,126,4,5,5,5,2,2,4
466,10,127,4,5,5,5,2,2,2
466,11,128,4,5,5,4,2,2,9
466,12,129,3,4,4,3,2,1,19
466,13,130,3,4,4,3,2,1,15
466,14,131,4,5,5,6,3,3,1
466,16,134,4,4,4,5,2,2,3
466,17,135,4,4,4,3,2,1,13
466,18,136,3,3,3,3,2,1,18
466,19,137,4,4,4,4,2,1,8
466,20,138,4,4,4,4,2,1,12
134,1,139,5,5,4,6,3,3,2
134,2,132,6,6,4,5,3,3,4
134,3,126,6,6,5,5,1,3,3
134,4,124,6,6,4,5,2,3,6
134,5,120,5,5,4,4,1,3,18
134,6,135,6,6,4,4,1,3,15
134,7,127,6,6,4,5,2,3,5
134,8,134,7,7,7,7,2,3,20
134,10,125,6,5,4,4,3,3,14
134,11,128,6,5,4,4,2,3,13
134,12,131,5,4,4,5,3,3,1
134,13,138,5,5,5,5,2,3,7
134,14,137,5,4,4,4,3,3,9
134,15,122,5,4,4,4,2,3,16
134,16,123,5,4,4,4,2,3,8
134,17,130,4,4,4,4,2,3,10
134,18,129,4,4,3,3,2,3,19
134,19,136,4,4,4,4,3,3,11
134,20,121,4,4,4,4,2,3,12
135,1,120,4,6,6,6,4,3,1
135,2,121,2,2,3,4,4,2,20
135,3,122,5,5,5,3,4,3,9
135,4,123,5,4,4,4,4,2,14
135,5,124,5,6,5,5,4,3,7
135,6,125,5,5,4,4,4,3,16
135,7,126,5,5,5,5,4,3,5
135,8,127,5,6,4,5,4,3,10
135,9,128,5,4,4,4,4,2,17
135,10,129,2,4,4,5,4,2,13
135,11,130,2,3,4,4,4,2,18
135,12,131,5,5,5,5,4,3,4
135,13,132,5,5,5,5,4,2,8
135,16,134,5,4,5,4,4,3,12
135,17,136,2,4,4,4,4,2,19
135,18,137,5,6,6,5,4,3,6
135,19,138,5,5,5,4,4,3,15
135,20,139,5,6,6,6,4,3,2
136,1,120,4,4,5,6,5,2,5
136,2,135,4,4,5,5,5,2,6
136,3,132,4,4,5,5,5,2,8
136,4,139,4,4,5,5,5,2,11
136,5,124,4,4,5,5,5,2,13
136,6,126,4,4,5,6,5,2,9
136,7,125,4,4,6,6,5,2,18
136,8,128,4,4,5,5,5,2,17
136,10,131,4,5,6,5,5,2,4
136,11,122,4,4,3,3,5,2,12
136,12,123,4,4,5,5,5,2,7
136,13,138,4,4,5,5,5,2,14
136,14,137,4,4,5,5,5,2,15
136,15,127,4,4,4,2,5,2,20
136,16,134,4,4,4,4,5,2,16
136,18,121,4,6,7,7,5,3,1
136,19,130,4,6,7,7,5,3,2
136,20,129,4,4,4,4,5,2,3
137,1,120,4,5,5,5,3,3,7
137,2,121,3,4,3,2,2,1,17
137,3,122,6,7,7,7,4,4,2
137,4,123,4,7,7,7,3,3,5
137,5,124,4,6,6,6,3,3,3
137,6,125,4,5,4,3,2,1,12
137,7,126,4,4,4,3,2,1,11
137,8,127,4,4,4,2,2,1,14
137,9,128,4,3,3,2,2,1,13
137,10,129,2,3,2,1,2,1,20
137,11,130,2,3,3,3,2,1,15
137,12,131,4,6,7,6,3,3,4
137,13,132,4,6,7,7,4,4,1
137,16,134,4,3,2,2,2,1,19
137,17,135,4,5,5,4,2,2,10
137,18,136,2,3,3,3,2,1,18
137,19,138,4,6,6,6,3,1,6
137,20,139,4,5,4,4,3,3,8
138,1,120,4,4,4,4,4,1,6
138,2,121,4,4,4,4,4,1,7
138,3,122,4,7,7,7,5,3,2
138,4,123,4,4,4,4,4,1,8
138,5,124,4,6,6,5,4,1,4
138,6,125,4,5,5,5,4,1,5
138,7,126,4,5,5,5,4,1,9
138,8,127,4,4,4,4,4,1,20
138,9,128,4,4,4,4,4,1,16
138,10,129,4,4,4,4,4,1,19
138,11,130,4,4,4,4,4,1,11
138,12,131,4,7,7,7,5,2,1
138,14,132,4,4,4,4,4,1,15
138,16,134,4,4,4,4,4,1,18
138,17,135,4,4,4,4,4,1,13
138,18,136,4,4,4,4,4,1,12
138,19,137,4,6,6,6,5,2,3
138,20,139,4,4,4,4,4,1,17
139,1,120,5,5,7,7,4,3,1
139,2,121,3,3,4,4,2,2,9
139,3,122,4,4,4,4,2,2,6
139,4,123,4,4,4,4,2,2,7
139,5,124,5,5,5,5,3,3,4
139,6,125,5,4,4,4,2,2,8
139,7,126,5,4,4,4,2,2,5
139,8,127,5,4,3,3,2,2,20
139,9,128,5,4,4,4,2,2,17
139,10,129,3,3,4,4,2,2,10
139,11,130,3,3,4,4,2,2,11
139,12,131,4,4,4,4,2,2,16
139,13,132,5,4,4,4,2,2,15
139,16,134,5,4,4,4,2,2,18
139,17,135,5,5,5,5,3,2,3
139,18,136,3,4,4,4,2,2,13
139,19,137,4,4,4,4,2,2,12
139,20,138,4,4,4,4,2,2,19
353,1,354,2,5,6,7,5,3,2
353,2,359,2,6,6,7,5,3,1
353,3,355,2,4,4,6,5,2,5
353,4,453,2,4,4,6,5,2,4
353,5,356,2,4,6,7,5,2,3
354,1,353,2,5,7,7,3,3,1
354,2,355,2,4,4,5,2,1,6
354,3,356,2,5,6,6,2,2,4
354,4,470,2,6,6,6,4,3,2
354,5,453,2,5,5,5,6,NA,5
354,6,359,2,5,5,6,3,2,3
355,1,353,3,4,5,5,3,3,6
355,2,354,3,5,5,5,3,3,4
355,3,470,3,6,6,6,3,3,1
355,4,356,3,5,6,6,3,3,2
355,5,453,3,5,6,6,3,3,3
355,6,359,3,5,5,5,3,3,5
356,1,353,2,5,6,5,5,2,2
356,2,354,2,5,6,6,5,2,3
356,3,355,2,5,5,5,5,2,5
356,4,470,2,6,6,6,5,2,4
356,5,453,2,7,7,7,5,3,1
356,6,359,2,5,5,5,5,2,6
470,1,353,1,5,5,5,3,2,2
470,2,354,1,6,6,7,4,3,1
470,3,355,1,5,5,7,3,2,5
470,4,356,1,4,4,5,3,2,4
470,5,453,1,4,4,5,3,2,3
470,6,359,1,4,4,5,3,2,6
453,1,356,3,6,7,7,5,4,1
453,2,359,3,4,4,4,4,2,6
453,3,355,3,5,5,5,4,3,2
453,4,353,3,5,5,4,4,3,5
453,5,354,3,4,5,4,4,3,3
453,6,470,3,4,5,5,4,3,4
359,1,353,3,6,6,7,5,3,1
359,2,355,3,5,4,7,5,3,3
359,3,354,3,6,7,7,5,4,2
359,4,453,3,4,4,6,5,2,5
359,5,470,3,3,4,6,5,3,4
359,6,359,7,7,4,7,5,4,6
360,1,431,7,7,7,7,3,3,3
360,2,443,7,7,7,7,4,4,1
360,3,432,7,7,7,7,3,3,4
360,4,364,7,7,7,7,3,3,2
431,1,360,7,7,7,7,3,2,2
431,2,432,6,7,7,7,5,3,1
431,3,443,6,5,6,4,1,1,4
431,4,364,7,6,7,5,3,2,3
432,1,360,5,5,5,4,2,2,2
432,2,431,7,7,7,7,5,3,1
432,3,443,5,5,5,4,3,3,3
432,4,364,4,4,4,2,1,6,4
443,1,360,6,7,7,7,5,4,1
443,2,432,6,5,5,5,1,3,2
443,3,431,6,5,5,5,1,3,3
443,4,NA,NA,NA,NA,NA,5,3,4
443,5,364,3,2,2,2,6,NA,5
364,1,360,7,6,7,6,3,2,1
364,2,431,7,6,7,6,3,2,2
364,3,432,3,2,4,1,6,NA,4
364,4,443,3,2,4,1,6,NA,3
365,1,366,7,7,6,6,3,2,4
365,2,368,6,7,7,7,3,3,2
365,3,468,4,6,7,7,3,3,1
365,4,370,4,5,5,5,3,2,7
365,8,375,6,7,7,5,1,2,5
365,9,367,4,5,5,5,2,2,8
365,11,374,4,4,4,4,3,2,9
366,1,365,7,7,7,7,4,3,1
366,2,468,4,3,4,2,6,NA,4
366,4,368,6,5,5,4,6,NA,6
366,5,367,3,2,3,2,6,NA,7
366,6,366,4,6,5,6,3,3,2
366,8,375,6,6,5,6,1,3,3
366,10,370,6,3,3,3,6,NA,8
367,1,365,5,6,5,6,3,3,3
367,2,468,7,7,7,7,5,3,1
367,3,368,7,7,7,7,5,3,2
367,4,366,2,2,2,2,1,2,8
367,5,370,7,5,5,6,2,3,4
367,9,375,1,1,1,1,1,2,10
368,1,365,6,7,7,4,1,2,3
368,2,367,7,7,7,5,3,2,2
368,3,468,7,7,7,7,4,2,1
368,4,366,2,3,4,1,6,NA,7
368,5,368,5,6,5,4,1,2,4
368,6,370,5,6,5,4,1,2,5
368,7,373,6,7,7,4,1,2,6
468,1,367,6,7,7,7,4,3,1
468,2,365,6,7,7,7,3,3,3
468,3,368,7,7,6,6,2,3,6
468,5,366,5,4,2,2,6,NA,9
468,6,375,6,5,5,5,3,3,4
468,7,370,5,5,5,6,2,3,8
468,8,468,5,5,5,5,2,3,7
468,9,373,7,6,6,6,3,3,5
370,1,365,6,7,7,7,3,2,3
370,2,366,2,4,2,2,6,NA,9
370,3,367,5,5,5,6,2,2,6
370,4,368,5,5,6,6,2,2,4
370,5,468,5,5,5,6,2,2,5
370,6,371,4,4,3,2,6,NA,8
370,9,373,2,2,2,2,6,NA,7
370,10,374,1,1,1,1,6,NA,11
370,11,375,2,2,2,2,6,NA,10
371,1,365,7,7,7,7,2,3,1
371,2,368,5,3,3,3,6,NA,3
371,5,366,7,6,5,5,2,3,2
371,6,374,6,4,4,4,6,NA,4
372,1,365,6,6,7,7,3,4,1
372,2,368,6,6,6,6,3,2,2
372,3,370,7,6,5,5,1,2,3
372,5,468,5,5,5,5,1,2,4
376,1,376,4,4,4,4,6,NA,20
376,2,377,1,1,1,1,6,NA,7
376,3,378,1,1,1,1,6,NA,8
376,4,379,1,1,1,1,6,NA,9
376,5,380,4,2,1,1,1,2,3
376,6,442,1,1,1,1,6,NA,2
376,7,382,1,1,1,1,6,NA,10
376,8,383,1,1,1,1,6,NA,11
376,10,385,1,1,1,1,6,NA,13
376,11,386,1,1,1,1,6,NA,14
376,12,387,3,1,1,1,6,NA,15
376,13,388,1,1,1,1,6,NA,16
376,14,389,4,2,1,1,6,NA,5
376,15,437,1,1,1,1,6,NA,17
376,16,391,4,2,1,1,6,NA,6
376,17,392,4,4,2,1,2,2,1
376,20,394,4,2,1,1,6,NA,4
377,1,394,5,5,5,3,3,2,1
377,2,389,4,3,4,1,6,NA,2
377,3,376,3,2,2,2,6,NA,3
377,4,442,5,2,2,1,6,NA,4
377,5,380,1,1,1,1,6,NA,5
377,6,385,4,3,1,1,6,NA,6
377,7,392,1,1,1,1,6,NA,7
377,8,379,1,1,1,1,6,NA,8
377,9,387,1,1,1,1,6,NA,9
377,10,383,1,1,1,1,6,NA,10
377,11,437,1,1,1,1,6,NA,11
377,12,388,1,1,1,1,6,NA,12
377,13,378,1,1,1,1,6,NA,13
377,15,391,1,1,1,1,6,NA,15
377,17,382,3,1,1,1,6,NA,17
378,1,392,6,6,4,4,1,1,2
378,2,382,6,4,4,3,2,1,1
378,3,442,6,4,4,4,1,1,4
378,4,377,6,2,2,1,1,1,8
378,5,387,6,4,2,1,1,1,3
378,6,394,5,2,1,1,1,1,6
378,7,376,1,1,1,1,1,1,9
378,8,379,6,3,2,1,1,1,5
378,10,437,1,1,1,1,1,1,11
378,12,388,1,1,1,1,1,1,13
378,14,385,1,1,1,1,1,1,15
378,15,380,3,2,1,1,1,1,16
378,16,389,1,1,1,1,1,1,17
378,17,386,1,1,1,1,1,1,18
378,18,383,3,2,1,1,1,1,7
378,19,391,1,1,1,1,1,1,19
379,1,387,1,1,1,1,6,NA,8
379,2,394,4,4,3,4,6,NA,7
379,3,376,7,7,7,7,5,4,1
379,5,377,2,2,2,2,6,NA,9
379,6,442,5,5,5,5,3,3,4
379,8,437,1,1,1,1,6,NA,18
379,9,378,2,2,2,2,6,NA,12
379,10,382,5,5,5,5,3,3,5
379,12,385,1,1,1,1,6,NA,14
379,13,380,1,1,1,1,6,NA,15
379,14,389,1,1,1,1,6,NA,6
379,15,386,1,1,1,1,6,NA,13
379,16,383,7,7,7,7,4,3,3
379,17,392,2,2,2,2,6,NA,11
379,18,391,7,7,7,7,5,4,2
380,1,376,5,3,2,2,6,NA,2
380,2,377,1,1,1,1,6,NA,4
380,3,378,1,1,1,1,6,NA,6
380,4,379,1,1,1,1,6,NA,7
380,5,442,1,1,1,1,6,NA,5
380,6,382,4,1,1,1,6,NA,8
380,7,383,1,1,1,1,6,NA,9
380,9,385,1,1,1,1,6,NA,11
380,10,386,1,1,1,1,6,NA,12
380,11,387,1,1,1,1,6,NA,13
380,12,388,1,1,1,1,6,NA,14
380,13,389,5,2,1,1,6,NA,3
380,14,437,1,1,1,1,6,NA,15
380,15,391,1,1,1,1,6,NA,16
380,16,392,1,1,1,1,6,NA,17
380,19,394,5,5,5,6,1,3,1
442,1,387,5,2,1,1,6,NA,10
442,2,394,5,4,2,1,6,NA,11
442,3,376,4,4,1,2,6,NA,6
442,4,379,6,5,5,5,3,3,1
442,6,377,1,1,1,1,6,NA,16
442,8,437,1,1,1,1,6,NA,17
442,9,388,1,1,1,1,6,NA,18
442,10,378,5,4,1,2,6,NA,8
442,11,382,4,2,1,1,6,NA,15
442,13,385,3,2,1,3,2,2,3
442,14,380,5,2,1,1,6,NA,14
442,15,389,5,2,1,4,2,2,2
442,16,386,5,2,1,1,6,NA,12
442,17,383,1,1,1,2,6,NA,19
442,18,392,5,2,1,1,6,NA,9
442,19,391,4,4,3,4,6,NA,7
382,1,387,2,1,1,1,6,NA,7
382,2,394,3,3,3,3,1,1,3
382,3,376,1,1,1,1,6,NA,9
382,4,379,2,1,1,1,6,NA,10
382,6,377,3,4,4,3,1,2,1
382,7,442,4,4,4,4,1,2,2
382,9,437,2,2,1,1,6,NA,8
382,10,388,2,2,1,1,6,NA,13
382,11,378,2,1,1,1,6,NA,14
382,12,382,1,1,1,1,6,NA,15
382,13,385,2,1,1,1,6,NA,16
382,14,380,3,2,2,1,6,NA,5
382,15,389,3,2,2,1,6,NA,6
382,16,386,2,1,1,1,6,NA,17
382,17,383,1,1,1,1,6,NA,18
382,18,392,1,1,1,1,6,NA,19
382,19,391,3,2,2,1,1,1,4
383,1,387,5,4,1,1,6,NA,3
383,2,394,6,6,5,4,1,1,6
383,3,379,6,7,7,7,3,3,4
383,5,376,3,1,1,1,6,NA,11
383,6,383,5,4,3,1,6,NA,10
383,7,442,4,3,2,1,6,NA,12
383,8,377,1,1,1,1,6,NA,13
383,9,437,1,1,1,1,6,NA,14
383,10,388,6,6,4,3,6,NA,8
383,11,378,5,1,1,1,6,NA,15
383,13,382,4,3,2,1,6,NA,16
383,14,385,5,3,2,1,6,NA,17
383,15,380,4,5,4,3,6,NA,7
383,16,389,5,4,4,2,6,NA,9
383,17,386,1,1,1,1,6,NA,18
383,18,392,1,1,1,1,6,NA,19
383,19,391,6,7,7,7,4,3,1
395,1,397,1,1,1,1,1,6,3
395,2,399,3,3,2,3,1,6,2
395,3,396,1,1,1,1,6,NA,4
395,4,398,2,2,2,2,1,6,1
396,1,399,3,3,3,4,1,1,1
396,2,395,1,1,1,1,1,1,3
396,3,397,1,1,1,1,1,1,4
396,4,398,1,1,1,1,1,1,2
397,1,395,1,1,2,2,6,NA,3
397,2,396,1,1,1,1,6,NA,4
397,3,399,3,3,3,3,2,1,2
397,4,398,5,5,5,5,3,3,1
398,1,399,3,4,4,4,3,2,2
398,2,397,6,6,4,4,1,2,1
398,3,395,4,4,4,4,1,2,3
398,4,396,1,1,NA,1,6,NA,4
399,1,398,1,2,2,2,2,2,1
399,2,395,4,3,3,2,1,2,2
399,3,396,1,1,1,1,6,NA,3
399,4,397,1,1,1,1,6,NA,4
400,1,405,7,7,7,7,5,4,1
400,2,404,6,5,4,4,1,1,2
400,3,402,6,4,4,2,1,1,4
400,4,401,6,4,4,2,1,1,5
400,5,403,6,5,4,5,1,1,3
400,6,406,6,3,3,2,1,1,6
401,1,402,5,6,6,5,3,2,2
401,2,405,5,6,6,5,3,2,3
401,3,403,5,6,6,6,3,2,1
401,4,404,5,6,6,5,3,2,5
401,5,406,5,6,6,5,3,2,4
401,6,400,3,3,3,3,6,NA,6
402,1,405,5,6,6,6,3,2,1
402,2,400,4,2,2,2,6,NA,6
402,3,401,5,6,6,5,3,2,3
402,4,403,5,5,5,5,3,2,5
402,5,406,5,6,6,6,3,2,2
402,6,404,5,6,5,5,3,2,4
403,1,404,3,3,3,3,3,3,4
403,2,405,3,6,7,6,4,4,1
403,3,402,3,4,5,4,1,1,5
403,4,401,3,6,6,6,4,3,2
403,5,406,3,6,6,5,4,3,3
403,6,400,3,4,4,4,2,3,6
404,1,405,5,7,7,7,5,4,1
404,2,400,5,4,4,2,1,1,6
404,3,402,5,6,6,5,3,3,3
404,4,403,5,6,6,6,4,3,2
404,5,401,5,5,5,5,3,3,4
404,6,406,5,5,5,5,1,3,5
405,1,404,6,7,6,7,4,3,2
405,2,400,6,7,7,7,5,4,1
405,3,403,6,6,7,7,3,3,3
405,4,402,6,6,7,6,3,3,4
405,5,401,6,5,6,5,3,3,6
405,6,406,6,6,6,5,3,3,5
406,1,402,6,6,6,2,2,2,3
406,2,405,6,6,6,2,2,2,4
406,3,403,6,6,6,2,2,2,2
406,4,401,6,6,6,2,2,2,1
406,5,404,6,6,4,2,1,2,5
407,1,408,6,3,4,3,2,3,1
407,2,410,2,2,2,4,3,3,2
407,3,409,1,1,1,1,1,1,3
408,1,407,4,5,4,5,1,2,1
408,2,409,1,1,1,1,6,NA,2
408,3,410,1,1,1,1,6,NA,3
409,1,410,5,4,4,2,1,2,2
409,2,NA,1,1,1,1,6,NA,1
410,1,407,2,6,3,7,3,3,2
410,2,409,5,5,5,4,2,6,4
410,5,408,1,1,1,1,6,NA,5
440,1,412,2,4,5,2,1,3,3
440,2,414,2,6,7,6,1,3,1
440,3,413,2,6,6,5,1,3,2
412,1,414,3,3,3,3,1,1,3
412,2,440,3,5,4,5,2,2,1
412,3,413,3,3,3,4,6,NA,2
413,1,440,5,5,5,4,2,2,1
413,2,414,4,4,4,4,6,NA,2
413,3,412,4,4,4,3,6,NA,3
414,1,440,4,6,6,6,2,2,1
414,2,412,4,5,5,3,1,2,2
414,3,413,4,4,3,3,6,NA,3
415,1,416,5,5,5,5,2,2,2
415,2,415,5,5,5,3,2,2,3
415,3,417,5,5,5,6,2,2,1
416,1,415,3,5,4,4,1,2,1
416,2,417,4,4,4,4,6,NA,3
417,1,415,5,5,6,6,3,1,1
417,2,416,5,5,5,5,1,1,3
148,1,140,6,6,6,5,3,2,4
148,2,141,6,6,6,5,3,2,6
148,3,142,5,6,6,5,3,2,7
148,4,143,6,7,6,6,3,2,1
148,5,144,6,6,6,5,3,2,5
148,6,145,6,7,6,6,3,2,3
148,7,451,5,6,5,5,3,2,10
175,1,168,4,7,7,7,5,4,1
175,2,173,4,5,5,4,1,1,4
175,3,172,4,4,4,4,1,1,9
175,4,177,4,4,4,4,1,1,8
175,5,176,4,4,4,4,1,1,10
175,8,169,4,6,6,5,2,2,5
175,9,170,4,7,7,6,3,3,3
175,11,171,4,5,4,4,1,1,11
177,1,175,6,6,6,6,4,3,1
177,2,171,4,6,6,6,3,2,6
177,3,170,4,7,6,6,3,2,7
177,4,169,4,6,6,6,3,2,8
177,6,173,6,6,5,6,3,2,4
177,7,172,6,6,5,6,3,2,5
177,8,168,4,5,5,6,4,3,2
177,10,176,6,5,5,6,1,2,10
203,1,195,5,6,5,4,3,2,5
203,2,196,5,6,6,6,3,3,1
203,3,197,4,5,5,5,3,2,4
203,4,427,5,5,5,5,3,2,9
203,5,199,6,6,6,5,3,2,2
203,6,200,5,5,5,5,3,2,7
203,7,201,7,5,5,4,2,2,10
203,8,202,6,5,5,5,3,2,3
203,9,204,5,5,5,5,2,2,8
203,10,205,6,6,5,5,3,2,6
204,1,195,7,6,5,5,1,2,7
204,2,196,7,5,5,5,1,2,10
204,3,197,7,7,6,6,2,3,5
204,4,199,6,5,5,5,1,2,9
204,5,200,7,7,7,7,5,4,2
204,6,201,7,7,7,6,2,3,4
204,7,202,6,6,6,6,2,3,3
204,8,203,6,5,5,5,1,2,8
204,9,205,7,7,7,6,2,3,6
204,10,427,7,7,7,7,5,4,1
205,1,195,7,7,6,6,3,3,3
205,2,204,7,7,6,6,3,3,6
205,3,200,7,6,6,6,2,2,7
205,4,427,7,7,6,6,3,3,5
205,5,201,7,5,5,4,1,1,9
205,6,203,7,7,5,5,2,1,8
205,7,197,7,7,6,7,5,3,1
205,8,196,7,7,6,6,3,3,2
205,9,199,5,5,5,5,2,1,10
205,10,202,7,7,6,6,4,3,4
260,1,NA,3,5,5,4,3,2,2
261,1,256,2,7,7,7,5,4,1
261,2,260,2,7,7,7,5,4,2
261,3,251,2,2,2,2,1,1,6
261,4,252,2,2,2,2,1,1,11
261,5,253,2,2,2,3,1,2,5
261,6,254,2,5,5,5,3,3,3
261,7,255,2,2,2,2,1,1,7
261,8,449,2,2,2,2,2,1,8
261,9,258,2,2,2,2,1,1,9
261,10,259,2,4,4,4,3,3,4
261,11,262,2,2,2,2,1,1,14
261,14,264,2,2,2,2,1,1,10
262,1,254,2,2,1,1,6,NA,13
262,2,252,2,2,1,1,6,NA,5
262,3,253,2,4,5,5,2,2,1
262,4,255,2,2,1,2,6,NA,6
262,5,256,2,2,1,2,1,1,4
262,6,449,2,2,1,1,6,NA,14
262,7,260,2,2,1,2,6,NA,7
262,8,258,2,3,2,3,1,1,3
262,9,259,2,2,1,1,6,NA,8
262,10,261,2,2,1,1,6,NA,9
262,13,264,2,2,1,1,1,1,11
263,1,251,2,2,3,2,2,1,9
263,2,256,2,2,3,2,2,1,6
263,3,255,2,2,3,2,2,1,8
263,4,254,2,2,3,2,2,1,11
263,5,259,2,2,3,2,2,1,10
263,6,262,2,2,3,3,3,2,1
263,7,252,2,2,3,2,2,1,7
263,8,253,2,2,3,2,2,1,4
263,9,260,2,2,3,2,2,1,5
263,10,449,2,2,3,3,2,1,2
263,11,264,2,3,3,4,2,1,3
264,1,449,1,1,4,1,2,6,2
264,2,256,1,1,3,1,2,6,3
264,3,251,1,1,2,1,2,6,5
264,4,255,1,1,1,1,6,NA,10
264,5,254,1,1,1,1,6,NA,8
264,6,252,1,1,3,1,2,6,1
264,7,262,1,1,1,1,6,NA,11
264,8,259,1,1,3,1,2,6,4
264,10,253,1,1,1,1,6,NA,9
264,11,260,1,1,1,1,2,6,7
450,1,270,5,6,6,5,3,3,7
450,2,277,5,7,6,7,4,3,1
450,3,447,7,7,7,6,3,3,4
450,4,462,6,6,6,6,3,3,5
450,5,280,5,6,6,6,3,3,9
450,6,271,6,6,6,6,3,3,8
450,7,272,6,7,7,7,4,3,2
450,8,450,6,6,6,5,3,3,11
450,9,274,6,7,7,7,4,3,3
450,10,276,5,6,5,5,3,3,10
450,11,278,5,6,6,6,3,3,6
278,1,270,6,5,4,2,1,1,3
278,2,280,3,3,4,4,1,1,5
278,3,462,5,6,4,5,2,1,2
278,5,271,6,6,6,6,4,3,1
373,1,365,7,7,6,5,3,3,3
373,2,366,4,4,4,3,1,1,9
373,3,367,5,5,4,4,1,1,5
373,4,368,7,6,6,6,2,3,2
373,5,468,7,7,6,6,2,3,1
373,6,370,5,5,5,5,6,NA,8
373,7,371,4,4,4,4,6,NA,7
373,10,375,7,7,6,6,6,NA,4
373,11,374,1,1,1,1,6,NA,11
374,1,365,6,6,6,6,3,2,1
374,2,366,6,6,6,6,3,2,2
374,3,367,1,1,1,1,6,NA,5
374,4,368,1,1,1,1,6,NA,7
374,5,468,1,1,1,1,6,NA,4
374,6,370,1,1,1,1,6,NA,6
374,7,371,4,4,4,4,2,2,3
374,10,375,1,1,1,1,6,NA,10
374,11,373,1,1,1,1,6,NA,11
375,1,468,6,6,6,4,4,2,1
375,2,367,5,4,4,3,1,2,4
375,3,365,5,5,6,5,2,1,2
375,4,368,5,5,5,5,2,2,3
375,5,373,6,3,4,4,1,1,5
385,1,388,5,6,7,6,3,3,1
385,2,437,5,4,4,3,6,NA,2
385,3,377,5,3,2,2,6,NA,3
386,1,376,1,1,1,1,6,NA,4
386,2,377,1,1,1,1,6,NA,8
386,3,378,1,1,1,1,6,NA,12
386,4,379,1,1,1,1,6,NA,13
386,5,380,4,4,3,3,6,NA,5
386,6,442,4,3,3,3,6,NA,9
386,7,382,4,3,3,3,6,NA,7
386,8,383,1,1,1,1,6,NA,14
386,10,385,3,2,2,2,6,NA,11
386,11,387,5,7,7,7,5,3,1
386,12,388,1,1,1,1,6,NA,16
386,13,389,4,5,6,6,5,3,2
386,14,437,4,2,2,2,6,NA,17
386,15,391,1,1,1,1,6,NA,18
386,16,392,1,1,1,1,6,NA,19
386,19,394,4,2,2,2,6,NA,3
387,1,NA,4,2,2,1,2,1,2
388,1,NA,5,5,5,4,3,2,2
389,1,386,4,5,5,5,3,2,2
389,2,437,7,7,7,6,3,2,1
389,3,376,5,3,3,1,1,1,9
389,4,387,3,4,4,2,6,NA,6
389,5,377,3,3,4,2,6,NA,7
389,6,394,6,6,6,5,1,2,3
389,7,380,5,4,4,2,6,NA,8
389,8,391,3,2,2,1,6,NA,10
389,9,442,4,3,3,2,6,NA,4
389,12,383,3,2,1,1,6,NA,12
389,13,379,4,4,3,2,6,NA,5
389,14,382,2,1,1,1,6,NA,13
389,15,385,1,1,1,1,6,NA,15
389,16,392,1,1,1,1,6,NA,16
389,17,378,1,1,1,1,6,NA,17
389,19,388,1,1,1,1,6,NA,19
437,1,388,4,7,6,1,3,2,1
437,2,385,4,4,4,5,6,NA,2
391,1,387,1,1,1,1,6,NA,11
391,2,394,2,1,1,1,6,NA,7
391,3,376,6,7,7,7,3,3,2
391,4,379,6,7,7,7,4,3,1
391,6,377,2,3,1,1,6,NA,10
391,7,442,2,3,1,1,6,NA,5
391,9,437,2,1,1,1,6,NA,13
391,10,388,2,1,1,1,6,NA,9
391,11,378,1,1,1,1,6,NA,14
391,12,382,5,7,6,5,1,2,4
391,14,385,1,1,1,1,6,NA,15
391,15,380,1,1,1,1,6,NA,16
391,16,389,1,1,1,1,6,NA,17
391,17,386,1,1,1,1,6,NA,18
391,18,383,5,7,7,7,2,2,3
391,19,392,1,1,1,1,6,NA,19
392,1,376,4,4,4,3,2,2,1
392,2,377,2,2,2,1,6,NA,7
392,3,378,4,4,4,3,6,NA,2
392,4,379,4,4,4,3,6,NA,3
392,5,380,2,2,2,1,6,NA,8
392,6,442,4,4,4,3,6,NA,5
392,7,382,2,2,1,1,6,NA,9
392,8,383,2,2,1,1,6,NA,10
392,10,385,2,2,1,1,6,NA,11
392,11,386,2,2,1,1,6,NA,12
392,12,387,2,2,1,1,6,NA,13
392,13,388,2,2,1,1,6,NA,14
392,14,389,2,2,1,1,6,NA,15
392,15,437,2,2,1,1,6,NA,16
392,16,391,3,2,1,1,6,NA,17
392,19,394,2,2,1,1,6,NA,19
394,1,387,5,4,4,2,6,NA,8
394,2,376,5,4,5,2,1,6,7
394,3,379,5,5,5,3,1,6,10
394,5,377,5,5,5,2,1,6,12
394,6,442,5,5,5,3,1,6,9
394,8,437,4,4,3,2,6,NA,14
394,9,388,1,1,4,1,6,NA,19
394,10,378,1,1,4,1,6,NA,18
394,11,382,5,5,4,2,6,NA,15
394,13,385,5,3,4,1,6,NA,16
394,14,380,5,6,7,7,3,4,1
394,15,389,6,7,7,6,2,3,2
394,16,386,5,4,NA,NA,1,6,11
394,17,383,5,6,6,5,1,1,4
394,18,392,1,1,4,1,6,NA,17
394,19,391,5,4,4,2,6,NA,13
